id,area,name,subtitle,otoshi,happyhour,set,budget,persons,smoke,tags,visitDate,updateDate,img,url,status
055,大阪/梅田,立呑み晩杯屋 大阪駅前第三ビル,もつ煮や刺身が安くてうまい、東京を中心に大都市で展開されている大衆立ち飲み居酒屋,なし,なし,なし,1500円,1～3人,喫煙可,お通しなし 立ち飲み 昼飲み 0次会向け 2次会向け 一人飲みOK 一品料理 ホルモン 揚げ物 煮込み もつ煮 刺身 焼き魚 サラダ,2026/09/07,2026/09/27,thumb055.jpg,shops/055.html,営業中
054,大阪/梅田,大富豪 大阪駅前第4ビル店,鳥刺し3種盛りがお得、一人でも複数メニューを頼みやすい鳥系居酒屋,あり,なし,なし,1500円,1～4人,喫煙可,昼飲み 0次会向け 1次会向け 2次会向け 一人飲みOK 一品料理 焼鳥 揚げ物 鳥刺 カウンター席あり テーブル席あり,2026/09/07,2026/09/27,thumb054.jpg,shops/054.html,営業中
053,大阪/蒲生四丁目,ホルモン本舗 蒲生店,ハイボールとレモンチューハイが209円、手軽にホルモンとお酒を楽しめる炭火焼肉屋,あり,なし,なし,2500円,1～6人,喫煙可,深夜飲み ハイボールが安い レモンサワーが安い 一品料理 焼肉 ホルモン テーブル席あり,2026/09/06,2026/09/27,thumb053.jpg,shops/053.html,営業中
052,大阪/天王寺,さかとけQ’S,パンドラの箱が名物な天王寺の海鮮立ち飲み屋,なし,なし,なし,1500円,1～3人,喫煙可,お通しなし 立ち飲み 昼飲み 日本酒 0次会向け 2次会向け 一人飲みOK 一品料理 天ぷら 揚げ物 刺身 焼き魚,2026/09/05,2026/09/27,thumb052.jpg,shops/052.html,営業中
051,大阪/梅田,四川のくち,ドリンクが激安で四川麻婆豆腐を楽しめる新しい居酒屋,なし,なし,なし,1500円,1～4人,電子可,お通しなし ビールが安い ハイボールが安い レモンサワーが安い 0次会向け 1次会向け 2次会向け 一人飲みOK 一品料理 中華 テーブル席あり,2026/09/05,2026/09/27,thumb051.jpg,shops/051.html,営業中
050,大阪/梅田,酒処 あかマル 第4ビル店,生ビール・レモンサワー・ハイボールがお得な大阪駅前ビルの大衆居酒屋,あり,なし,なし,2000円,1～4人,喫煙可,昼飲み ビールが安い ハイボールが安い レモンサワーが安い 1次会向け 一人飲みOK 一品料理 焼鳥 串カツ 天ぷら 揚げ物 おでん 刺身 カウンター席あり テーブル席あり,2026/09/05,2026/09/27,thumb050.jpg,shops/050.html,営業中
022,大阪/京橋,肉汁餃子と煮込みの酒場。しんちゃん 京橋,レモンサワーとハイボールは209円から、煮込みや餃子が美味い格安居酒屋,なし,なし,なし,2000円,1～4人,禁煙,お通しなし 昼飲み 深夜飲み ハイボールが安い レモンサワーが安い 1次会向け 2次会向け 女子会向け 一人飲みOK 一品料理 煮込み 餃子 カウンター席あり テーブル席あり,2026/05/17,2026/09/27,thumb022.jpg,shops/022.html,閉店
049,大阪/大正,焼きとん 乃ノ家,KITTE大阪にも出店、やきとんの種類が多く満足感がある大正の名店,なし,なし,なし,1500円,1～4人,喫煙可,お通しなし 立ち飲み 0次会向け 1次会向け 2次会向け 一人飲みOK 一品料理 焼鳥 串焼き やきとん ホルモン 揚げ物 煮込み テーブル席あり,2026/08/16,2026/08/29,thumb049.jpg,shops/049.html,営業中
048,大阪/天王寺,魚のさっちゃん 阿倍野店,刺身や寿司が美味しく、日本酒の種類も豊富な海鮮居酒屋が天王寺にオープン,あり,なし,なし,2500円,1～4人,禁煙,日本酒 1次会向け 女子会向け 一人飲みOK 一品料理 天ぷら 揚げ物 刺身 寿司 珍味 テーブル席あり,2026/08/15,2026/08/29,thumb048.jpg,shops/048.html,営業中
005,大阪/梅田,ルーズベルトBeer食堂,京橋の激安立ち飲み屋が、座れる環境で大阪ビルに進出,なし,なし,なし,1500円,1～4人,禁煙,お通しなし ビールが安い ハイボールが安い レモンサワーが安い おつまみが安い ワンコインで飲める 0次会向け 1次会向け 2次会向け 女子会向け デート向け 一人飲みOK 一品料理 串焼き やきとん 刺身 珍味 パスタ ラーメン おばんざい カウンター席あり テーブル席あり,2026/08/15,2026/08/29,thumb005.jpg,shops/005.html,営業中
001,大阪/梅田,ひねり蛇口ハイ大衆酒泉テルマエ 大阪駅前第2ビル泉,1時間438円から飲み放題、蛇口をひねれば酒を入れられる飲み放題店,あり,毎日あり,なし,2000円,2～8人,電子可,昼飲み ハッピーアワー 飲み放題 おつまみが安い 1次会向け 大人数OK 一品料理 焼鳥 唐揚げ 揚げ物 焼売 テーブル席あり,2026/08/15,2026/08/29,thumb001.jpg,shops/001.html,営業中
047,大阪/江坂,すし松 江坂店,松屋フーズの寿司業態、1時間976円の飲み放題と寿司や揚げ物などを楽しめるお店,なし,なし,なし,2500円,1～6人,禁煙,お通しなし 昼飲み 飲み放題 日本酒 1次会向け 一人飲みOK 大人数OK 一品料理 天ぷら 揚げ物 刺身 寿司 テーブル席あり,2026/08/04,2026/08/29,thumb047.jpg,shops/047.html,営業中
046,大阪/十三,大衆酒蔵 丸勝 十三店,大瓶は3銘柄から選べて420円、おつまみも豊富で安い大衆居酒屋,なし,なし,平日あり,1500円,1～4人,喫煙可,お通しなし ハッピーアワー 0次会向け 1次会向け 2次会向け 一人飲みOK 一品料理 串カツ 天ぷら おでん 刺身 牡蠣,2026/08/02,2026/08/29,thumb046.jpg,shops/046.html,営業中
045,大阪/十三,串本 魚ノ介,アルコールが激安、魚串焼き5種盛りが名物な十三の海鮮系居酒屋,なし,なし,なし,2000円,1～6人,喫煙可,ビールが安い ハイボールが安い レモンサワーが安い 1次会向け 女子会向け 一人飲みOK 大人数OK 一品料理 串焼き 刺身 焼き魚 テーブル席あり,2026/08/02,2026/08/29,thumb045.jpg,shops/045.html,営業中
044,大阪/十三,とりさし梅松 十三店,大阪で唯一とりさし協会に加盟している堺の梅松が十三に、新鮮な鳥刺しを立ち飲みでもテイクアウトでも,なし,なし,なし,1500円,1～4人,禁煙,お通しなし 立ち飲み 0次会向け 2次会向け 一人飲みOK 鳥刺,2026/08/02,2026/08/29,thumb044.jpg,shops/044.html,営業中
043,大阪/十三,大衆呑処 サカグラ 十三店,赤星大瓶が439円、日本酒の品揃えも豊富な格安居酒屋,なし,なし,なし,1500円,1～4人,禁煙,お通しなし ビールが安い ハイボールが安い レモンサワーが安い 日本酒 0次会向け 1次会向け 2次会向け 一人飲みOK 一品料理 揚げ物 鉄板焼き 煮込み 刺身 珍味,2026/08/02,2026/08/29,thumb043.jpg,shops/043.html,営業中
042,大阪/十三,昔ながらのイカ焼 天六屋,アルコールとイカ焼きのセットが500円、ワンコインで飲める十三商店街のイカ焼き屋,なし,なし,毎日あり,1000円,1～2人,禁煙,お通しなし 立ち飲み 昼飲み せんべろセット ワンコインで飲める 0次会向け 2次会向け 一人飲みOK 鉄板焼き,2026/08/02,2026/08/29,thumb042.jpg,shops/042.html,営業中
041,大阪/十三,餃子のかっちゃん 十三店,日曜日限定で生ビール、ハイボール、レモンサワーが1円、毎日ハッピーアワーも開催している餃子居酒屋,あり,毎日あり,なし,2000円,1～8人,喫煙可,昼飲み ハッピーアワー ビールが安い ハイボールが安い レモンサワーが安い 1次会向け 一人飲みOK 大人数OK 一品料理 唐揚げ 餃子 刺身 サラダ 中華 カウンター席あり テーブル席あり,2026/08/02,2026/08/29,thumb041.jpg,shops/041.html,営業中
040,大阪/梅田,鶴亀八番 大阪駅前第1ビル店,20種類近くのサワーが209円、メガ418円、東京や兵庫で人気の大衆居酒屋が大阪駅前ビルに進出,なし,なし,なし,1500円,1～4人,喫煙可,お通しなし ハイボールが安い レモンサワーが安い 1次会向け 女子会向け 一品料理 唐揚げ 揚げ物 餃子 だし巻き,2026/07/28,2026/08/29,thumb040.jpg,shops/040.html,営業中
016,大阪/梅田,竹乃屋 リンクス梅田店,あのぐるぐるとりかわが梅田に、立ち飲み割とハッピーアワーもあるヨドバシ地下の博多居酒屋,お通し選択制,毎日あり,なし,2000円,1～4人,禁煙,お通し選択制 立ち飲み 昼飲み ハッピーアワー ハイボールが安い レモンサワーが安い 焼酎 0次会向け 1次会向け 女子会向け 一人飲みOK 一品料理 焼鳥 おでん 刺身 珍味 ラーメン テーブル席あり,2026/07/28,2026/08/29,thumb016.jpg,shops/016.html,営業中
039,大阪/梅田,ODD｜リンクス梅田店,ちょい飲みセットはおつまみが多くお得、アヒージョODENを商標登録している令和のおでん居酒屋,あり,なし,毎日あり,1500円,1～4人,禁煙,昼飲み せんべろセット 日本酒 0次会向け 1次会向け 2次会向け 女子会向け 一人飲みOK 一品料理 おでん 珍味 カウンター席あり テーブル席あり,2026/07/28,2026/08/29,thumb039.jpg,shops/039.html,営業中
038,大阪/梅田,駅ビル酒場 マキシ亭 大阪駅前第二ビル本店,ドリンクが安くメニューが豊富、実は焼鳥が美味い大衆居酒屋,なし,毎日あり,なし,1500円,2～4人,喫煙可,お通しなし 昼飲み ハッピーアワー ビールが安い ハイボールが安い 1次会向け 2次会向け 一品料理 焼鳥 串焼き やきとん 唐揚げ 揚げ物 炒飯 テーブル席あり,2026/07/14,2026/08/29,thumb038.jpg,shops/038.html,営業中
037,大阪/梅田,スタンド酒場 ぶたのくち,ビールが170円でお通しなし、豚串が美味しい大阪駅前ビルの新店舗,なし,なし,なし,1500円,1～4人,喫煙可,お通しなし ビールが安い ハイボールが安い レモンサワーが安い 0次会向け 1次会向け 2次会向け 一人飲みOK 一品料理 焼肉 串焼き やきとん カウンター席あり テーブル席あり,2026/07/14,2026/08/29,thumb037.jpg,shops/037.html,営業中
036,福岡/博多,よかたいマイング店,博多駅内でセットメニューが豊富にある貴重なお店、博多名物も揃っている九州居酒屋,なし,なし,毎日あり,1500円,1～4人,禁煙,お通しなし 昼飲み せんべろセット 0次会向け 1次会向け 出張向け 一品料理 焼鳥 煮込み もつ煮 餃子 刺身 珍味 カウンター席あり テーブル席あり,2026/07/11,2026/08/29,thumb036.jpg,shops/036.html,営業中
035,福岡/博多,ニュー角打ち 博多ホームラン食堂,1100円で3品注文可能、博多名物も食べられるヨドバシ1階の立ち飲み屋,なし,なし,なし,1500円,1～4人,喫煙可,お通しなし 立ち飲み 深夜飲み 0次会向け 1次会向け 2次会向け 一人飲みOK 一品料理 天ぷら 煮込み もつ煮 餃子 焼売 刺身 珍味 サラダ,2026/07/11,2026/08/29,thumb035.jpg,shops/035.html,営業中
034,大阪/茨木,だいてん,茨木駅前ショップタウン地下のレトロな立ち飲み屋,なし,なし,なし,1000円,1～3人,禁煙,お通しなし 立ち飲み 日本酒 0次会向け 2次会向け 一品料理 焼き魚,2026/07/07,2026/08/29,thumb034.jpg,shops/034.html,営業中
033,大阪/茨木,招福堂,ほろ酔いセットは2杯3品990円、ハンバーグカレーは500円と何もかもが安いレトロなカレー屋さん,なし,なし,毎日あり,1000円,1～3人,喫煙可,お通しなし せんべろセット 0次会向け 1次会向け 一人飲みOK 一品料理 揚げ物 テーブル席あり,2026/07/07,2026/08/29,thumb033.jpg,shops/033.html,営業中
032,大阪/梅田,立ち吞みのくち,アルコールは100円からと安いのにお通しなし、最近勢いがあるくち系列の立ち飲み屋,なし,なし,なし,1500円,1～4人,喫煙可,お通しなし 立ち飲み ビールが安い ハイボールが安い レモンサワーが安い 0次会向け 2次会向け 一人飲みOK 一品料理 刺身 カウンター席あり,2026/07/06,2026/08/29,thumb032.jpg,shops/032.html,営業中
031,大阪/梅田,すし処 大繁盛,本まぐろ赤身が1貫110円と安くアルコールは275円から、手軽にお寿司を楽しめる立ち飲み屋,なし,なし,なし,1500円,1～4人,禁煙,お通しなし 立ち飲み 日本酒 0次会向け 2次会向け 一人飲みOK 一品料理 刺身 寿司,2026/06/11,2026/08/29,thumb031.jpg,shops/031.html,営業中
030,大阪/梅田,ジョニーのからあげ 大阪駅ビル店,月～木なら20時、その他の日でも19時までハイボールが108円、ハイカラを実現できる唐揚げ居酒屋,なし,毎日あり,なし,2000円,1～4人,喫煙可,お通しなし 昼飲み ハッピーアワー ハイボールが安い 1次会向け 一人飲みOK 一品料理 唐揚げ 揚げ物 だし巻き サラダ カウンター席あり テーブル席あり,2026/06/11,2026/08/29,thumb030.jpg,shops/030.html,営業中
029,大阪/梅田,立呑み処 七津屋 大阪駅前第4ビルB1店,大瓶430円、小鉢物や鉄板焼きなどおつまみが豊富で0次会に最適な立ち飲み居酒屋,なし,なし,なし,1000円,1～3人,喫煙可,お通しなし 立ち飲み 朝飲み 昼飲み ビールが安い 0次会向け 一人飲みOK 一品料理 ホルモン 串カツ 揚げ物 鉄板焼き おでん 珍味,2026/06/11,2026/08/29,thumb029.jpg,shops/029.html,営業中
028,大阪/天満,焼肉大衆酒場 真 肉焼屋 天神橋四丁目店,ハッピーアワーはレモンサワーとハイボールが55円、肉も注文しやすい価格帯で満足感を得られる格安焼肉屋,なし,毎日あり,なし,2000円,1～4人,禁煙,お通しなし 昼飲み ハッピーアワー ビールが安い ハイボールが安い レモンサワーが安い 1次会向け 一人飲みOK 一品料理 焼肉 カウンター席あり テーブル席あり,2026/06/09,2026/08/29,thumb028.jpg,shops/028.html,営業中
027,大阪/梅田,4坪牡蠣小屋キヨリト 梅田芝田店,立ち飲みで激安牡蠣を楽しめるお店,なし,平日あり,なし,1500円,1～3人,喫煙可,お通しなし 立ち飲み 0次会向け 2次会向け 一人飲みOK 牡蠣,2026/05/25,2026/08/01,thumb027.jpg,shops/027.html,営業中
026,大阪/京橋,得一 京橋店,激安メニューが豊富、店内貼り紙を見ながらお得なメニューを探せる京橋の立ち飲み屋,なし,平日あり,毎日あり,1000円,1～2人,喫煙可,お通しなし 立ち飲み 昼飲み せんべろセット ハッピーアワー ハイボールが安い レモンサワーが安い おつまみが安い ワンコインで飲める 0次会向け 2次会向け 一人飲みOK 一品料理 天ぷら 刺身 珍味,2026/05/25,2026/08/01,thumb026.jpg,shops/026.html,営業中
025,大阪/京橋,ワシントン食堂,衝撃の安さとメニューの多さで満足できる立ち飲み屋、リンカーン食堂の2号店,なし,なし,なし,1000円,1～3人,禁煙,お通しなし 立ち飲み ビールが安い ハイボールが安い レモンサワーが安い おつまみが安い ワンコインで飲める 0次会向け 1次会向け 2次会向け 一人飲みOK 一品料理 串焼き やきとん 刺身 珍味 おばんざい,2026/05/24,2026/08/01,thumb025.jpg,shops/025.html,営業中
024,大阪/松原,鳥まつ 河内松原店,ドリンクが165円から、知覧鶏炭火焼きやたたきまで揃っている松原の本格焼き鳥店,あり,なし,なし,2000円,1～6人,禁煙,ビールが安い ハイボールが安い レモンサワーが安い 1次会向け 一人飲みOK 大人数OK 一品料理 焼鳥 串焼き やきとん 鳥刺 茶漬け カウンター席あり テーブル席あり,2026/05/24,2026/08/01,thumb024.jpg,shops/024.html,営業中
023,大阪/京橋,リンカーン食堂,衝撃の安さとメニューの多さで満足できる立ち飲み屋,なし,なし,なし,1000円,1～3人,喫煙可,お通しなし 立ち飲み ビールが安い ハイボールが安い レモンサワーが安い おつまみが安い ワンコインで飲める 0次会向け 1次会向け 2次会向け 一人飲みOK 一品料理 串焼き やきとん 刺身 珍味 おばんざい,2026/05/17,2026/08/01,thumb023.jpg,shops/023.html,営業中
021,大阪/京橋,立ち呑み庶民 京橋店,京橋立ち飲みストリートでも大人気の激安立ち飲み屋,なし,なし,なし,1000円,1～2人,喫煙可,お通しなし 立ち飲み 昼飲み ビールが安い ハイボールが安い 0次会向け 一人飲みOK 一品料理 唐揚げ 揚げ物 刺身 だし巻き,2026/05/17,2026/08/01,thumb021.jpg,shops/021.html,営業中
020,北海道/すすきの,5坪 本店,新鮮な厚岸牡蠣が1つ200円と激安、サッポロクラシックと牡蠣で0次会にどうぞ,なし,なし,なし,1500円,1～2人,喫煙可,お通しなし 0次会向け 牡蠣 カウンター席あり,2026/05/10,2026/08/01,thumb020.jpg,shops/020.html,営業中
019,北海道/旭川,立ち呑み処ゆきちゃん,旭川駅近くの昭和漂うビルにある立ち飲みなのに座れる居酒屋、旭川の地酒もあり,あり,なし,なし,1500円,1～3人,喫煙可,0次会向け 出張向け 一品料理 珍味 カウンター席あり テーブル席あり,2026/05/08,2026/08/01,thumb019.jpg,shops/019.html,営業中
018,岡山/岡山,築地食堂源ちゃん さんすて岡山店,1100円のちょい飲みセットとハイボール209円が強み、新幹線駅にある居酒屋,なし,なし,毎日あり,1500円,1～4人,禁煙,お通しなし 昼飲み せんべろセット ハイボールが安い 0次会向け 出張向け 一人飲みOK 揚げ物 刺身 カウンター席あり テーブル席あり,2026/05/05,2026/08/01,thumb018.jpg,shops/018.html,営業中
014,大阪/天王寺,餃子のしんちゃん あべの橋,あべの麦酒醸造処併設、レモンサワーの種類が多い餃子居酒屋,なし,なし,なし,2000円,1～4人,禁煙,お通しなし 昼飲み 深夜飲み ハイボールが安い レモンサワーが安い クラフトビール 1次会向け 2次会向け 女子会向け 一人飲みOK 一品料理 煮込み 餃子 カウンター席あり テーブル席あり,2026/04/29,2026/08/01,thumb014.jpg,shops/014.html,営業中
002,大阪/梅田,大衆酒場びりちゃん2,平日夕方まで限定100円60分飲み放題、必須おつまみ2品頼んでもせんべろ価格,なし,平日あり,なし,1000円,1～4人,禁煙,お通しなし 昼飲み ハッピーアワー 飲み放題 0次会向け 1次会向け 女子会向け 一人飲みOK テーブル席あり,2026/03/26,2026/08/01,thumb002.jpg,shops/002.html,閉店
017,大阪/梅田,美旬彩鈴音 リンクス梅田店,終日ハイボール55円、レモンサワー88円が魅力なリンクス梅田地下の飲食店,あり,なし,なし,2000円,1～4人,禁煙,昼飲み ハイボールが安い レモンサワーが安い 1次会向け 女子会向け 一人飲みOK 一品料理 刺身 珍味 カウンター席あり テーブル席あり,2026/05/03,2026/07/04,thumb017.jpg,shops/017.html,営業中
015,大阪/梅田,大衆酒場スタンドマルカツ 第3ビル店,毎日19時までハイボール110円、土日夜でも早めならハッピーアワーの恩恵を受けられる大衆酒場,なし,毎日あり,なし,2000円,2～6人,禁煙,お通しなし 昼飲み ハッピーアワー ビールが安い ハイボールが安い 1次会向け 2次会向け 大人数OK 一品料理 串カツ 天ぷら 揚げ物 鍋 おでん 刺身 牡蠣 寿司 珍味 茶漬け テーブル席あり,2026/05/02,2026/07/04,thumb015.jpg,shops/015.html,営業中
013,大阪/天王寺,グリル マルヨシ,洋食とビールのセットが1200円で楽しめる貴重な老舗,なし,なし,毎日あり,1500円,2～4人,禁煙,お通しなし 昼飲み せんべろセット 0次会向け 揚げ物 グリル 洋食 テーブル席あり,2026/04/29,2026/07/04,thumb013.jpg,shops/013.html,営業中
012,大阪/蒲生四丁目,やきとりたづや 蒲生四丁目店,カウンター限定で生ビール含む多くのドリンクが219円、焼き鳥が旨い専門店,なし,なし,なし,1500円,1～4人,喫煙可,お通しなし 深夜飲み 飲み放題 ビールが安い ハイボールが安い レモンサワーが安い 1次会向け 2次会向け 一人飲みOK 焼鳥 揚げ物 カウンター席あり テーブル席あり,2026/04/26,2026/07/04,thumb012.jpg,shops/012.html,営業中
011,大阪/京橋,立ち呑み正屋,京橋に新しく綺麗な立ち飲み屋、集合前の0次会や解散前の駆け込みにピッタリ,なし,なし,なし,1500円,1～3人,禁煙,お通しなし 立ち飲み 0次会向け 2次会向け 一人飲みOK 一品料理 揚げ物 焼売 刺身 珍味,2026/04/26,2026/07/04,thumb011.jpg,shops/011.html,営業中
010,大阪/京橋,しろくまストア 京橋店,シールを買えばいつでもジョッキが無料でメガにグレードアップ、メガ3杯のせんべろセット爆誕,あり,なし,毎日あり,2000円,1～4人,禁煙,せんべろセット 1次会向け 一人飲みOK 一品料理 焼鳥 天ぷら 揚げ物 鳥刺 刺身 珍味 中華,2026/04/26,2026/07/04,thumb010.jpg,shops/010.html,営業中
009,大阪/梅田,ステーキファイブと寿司六 大阪駅前第3ビル店,ステーキと寿司が同時に楽しめ、飲食どちらでも利用できる幅広い店,なし,なし,なし,2000円,1～4人,喫煙可,お通しなし 昼飲み ビールが安い 0次会向け 1次会向け 女子会向け 一人飲みOK 一品料理 寿司 ステーキ カウンター席あり テーブル席あり,2026/04/26,2026/07/04,thumb009.jpg,shops/009.html,営業中
008,大阪/西中島南方,酒スタンド魚蔵 西中島3丁目店,新鮮な刺身と格安ドリンクで満足できる、駅前すぐの立ち飲み屋,なし,なし,なし,1500円,1～4人,禁煙,お通しなし 立ち飲み ハイボールが安い 日本酒 0次会向け 2次会向け 一人飲みOK 一品料理 刺身 焼き魚 珍味,2026/04/25,2026/07/04,thumb008.jpg,shops/008.html,営業中
007,大阪/梅田,立ち呑み庶民 大阪駅前第2ビル店,実は海鮮も旨い激安立ち飲み屋,なし,なし,なし,1000円,1～2人,禁煙,お通しなし 立ち飲み 昼飲み ビールが安い ハイボールが安い 0次会向け 一人飲みOK 一品料理 唐揚げ 揚げ物 刺身 寿司 だし巻き,2026/04/25,2026/07/04,thumb007.jpg,shops/007.html,営業中
006,大阪/梅田,新世界串カツいっとく 大阪駅前第3ビル店,2パターンのせんべろセットが選べる、本格串カツ専門店,なし,毎日あり,毎日あり,1500円,1～4人,禁煙,お通しなし せんべろセット 出張向け 一人飲みOK 串カツ 揚げ物 カウンター席あり テーブル席あり,2026/04/25,2026/06/26,thumb006.jpg,shops/006.html,営業中
004,大阪/梅田,梅田大衆酒場H,安い酒は日替わり、毎回店舗前を通って確認したくなる大衆酒場,なし,毎日あり,なし,1500円,1～8人,喫煙可,お通しなし 昼飲み ハッピーアワー ビールが安い ハイボールが安い レモンサワーが安い 0次会向け 1次会向け 2次会向け 女子会向け 一人飲みOK 大人数OK 一品料理 燻製 チーズ カウンター席あり テーブル席あり,2026/03/29,2026/06/26,thumb004.jpg,shops/004.html,営業中
003,大阪/梅田,焼売のジョー 大阪駅前第三ビル店,土日祝もやっているハッピーアワーはアルコール110円から、本格焼売が手軽に食べられる格安店,なし,毎日あり,なし,1500円,1～4人,禁煙,お通しなし 昼飲み ハッピーアワー ハイボールが安い レモンサワーが安い 0次会向け 1次会向け 2次会向け 一人飲みOK 餃子 焼売 中華 カウンター席あり テーブル席あり,2026/03/26,2026/06/26,thumb003.jpg,shops/003.html,営業中